Title,Date
"Little Women","23.07.24"
"3 Body Problem: Staffel 1: Der Weltenzerstörer","19.07.24"
"3 Body Problem: Staffel 1: Rotes Ufer","19.07.24"
"3 Body Problem: Staffel 1: Countdown","18.07.24"
"Bonn: Staffel 1: Episode 6","11.07.24"
"Bonn: Staffel 1: Episode 5","11.07.24"
"Rick and Morty: Staffel 1: Morty Junior","11.07.24"
"Rick and Morty: Staffel 6: Die Ritter der Sonnenrunde","11.07.24"
"Rick and Morty: Staffel 6: Full Meta JackRick","11.07.24"
"Bonn: Staffel 1: Episode 4","07.07.24"
"Bonn: Staffel 1: Episode 3","07.07.24"
"Bonn: Staffel 1: Episode 2","04.07.24"
"Bonn: Staffel 1: Episode 1","04.07.24"
"The Night Agent: Staffel 1: Der Anruf","04.07.24"
"Der Diktator","03.07.24"
"Rick and Morty: Staffel 6: Das Glückskeksprinzip","03.07.24"
"Rick and Morty: Staffel 6: Fleißig über Nacht","03.07.24"
"Rick and Morty: Staffel 6: Verbotene LieBeth","03.07.24"
"Rick and Morty: Staffel 6: Stirb ganz langsam","03.07.24"
"Rick and Morty: Staffel 6: Nach Hause teleportieren","01.07.24"
"Rick and Morty: Staffel 6: Weihnachten schlägt zurück","30.06.24"
"Rick and Morty: Staffel 6: Reine Pissesache","30.06.24"
"Rick and Morty: Staffel 6: JuRicksic Mort","30.06.24"
"Rick and Morty: Staffel 4: Der Tod steht ihm gut","28.06.24"
"Rick and Morty: Staffel 3: Friede, Freude, Eierkuchen","28.06.24"
"The Gentlemen: Staffel 1: Kultivierte Aggression","26.05.24"
"Rick and Morty: Staffel 7: Karneval der Angst","08.05.24"
"Sieben","30.04.24"
"Rick and Morty: Staffel 7: Der Aufstand der Nummericons: Der Film","17.04.24"
"Rick and Morty: Staffel 7: Wet Kuat Amortican Summer","16.04.24"
"Rick and Morty: Staffel 7: Die Rickmort Show","15.04.24"
"Fantastische Pilze","05.04.24"
"Rick and Morty: Staffel 7: Zurück in die Unendlichkeit","31.03.24"
"Rick and Morty: Staffel 7: That’s Amorte","31.03.24"
"Rick and Morty: Staffel 7: Air Force Wong","27.03.24"
"Brooklyn Nine-Nine: Staffel 2: Das werden Obser-Ferien","27.03.24"
"Rick and Morty: Staffel 7: Ein Jerrick kommt immer zu zweit","24.03.24"
"Shaun das Schaf: Staffel 5: Karma Farmer/Spoil Sport","23.03.24"
"Rick and Morty: Staffel 7: Das erstaunliche Leben des Mr. Kakapopoloch","21.03.24"
"Stromberg: Staffel 1: Der letzte Tag","28.01.24"
"Stromberg: Staffel 1: Die Beförderung","28.01.24"
"Dune","25.01.24"
"Brooklyn Nine-Nine: Staffel 2: Nennen Sie mich „Big Sugar“","23.01.24"
"Brooklyn Nine-Nine: Staffel 2: Puppen, Puppen, zu viele Puppen","06.01.24"
"Brooklyn Nine-Nine: Staffel 2: Wir schützen das, was ihr leckt","04.01.24"
"Brooklyn Nine-Nine: Staffel 2: Bis demnächst, Boss Flaschengeist","03.01.24"
"Brooklyn Nine-Nine: Staffel 2: Wie Sex mit Jack Gruber","03.01.24"
"Green Book – Eine besondere Freundschaft","29.12.23"
"Departed – Unter Feinden","29.12.23"
"Once Upon a Time... in Hollywood","29.12.23"
"Focus","29.12.23"
"Shaun das Schaf: Staffel 5: Out of Order/Prickly Prob","26.12.23"
"Inception","26.12.23"
"Alles Licht, das wir nicht sehen: Miniserie: Folge 1","15.12.23"
"Stromberg: Staffel 1: Diebstahl","24.11.23"
"Stromberg: Staffel 1: Die gute Tat","24.11.23"
"Shaun das Schaf: Staffel 4: Happy Birthday Timmy / The Genie","18.11.23"
"25 KM/H","17.11.23"
"Blue Eye Samurai: Staffel 1: Unrein","17.11.23"
"Shaun das Schaf: Staffel 4: Cones / Caught Short Alien","12.11.23"
"Die Pinguine aus Madagascar","12.11.23"
"Madagascar","12.11.23"
"Leben auf unserem Planeten: Staffel 1: Kapitel 2: Unter Wasser","12.11.23"
"Leben auf unserem Planeten: Staffel 1: Kapitel 1: Die Regeln des Lebens","11.11.23"
"The Equalizer","11.11.23"
"Stromberg: Staffel 1: Der Geburtstag","09.11.23"
"ONE PIECE: Staffel 1: Das Abenteuer beginnt","09.11.23"
"Stromberg: Staffel 1: Mobbing","08.11.23"
"Stromberg: Staffel 1: Feueralarm","05.11.23"
"Stromberg: Staffel 1: Der Parkplatz","04.11.23"
"King of Stonks: Staffel 1: Cramer Bounce","03.11.23"
"King of Stonks: Staffel 1: Do's and Don'ts","03.11.23"
"King of Stonks: Staffel 1: It's the Economy, Stupid","01.11.23"
"Narcos: Staffel 3: Der Cali-KGB","26.10.23"
"Narcos: Staffel 2: Deutschland 93","26.10.23"
"Sex Education: Staffel 4: Folge 1","26.10.23"
"Arcane: Staffel 1: Schlange ohne Kopf","04.10.23"
"Arcane: Staffel 1: Öl und Wasser","04.10.23"
"Arcane: Staffel 1: Unser aller Erlöser","28.09.23"
"Arcane: Staffel 1: Wer ist Powder?","27.09.23"
"Arcane: Staffel 1: Ein Feind der hohen Gesellschaft","25.09.23"
"Arcane: Staffel 1: Ein Tag des Fortschritts","24.09.23"
"Arcane: Staffel 1: Veränderung bedarf Gewalt","22.09.23"
"Arcane: Staffel 1: Manche Geheimnisse bleiben besser unangetastet","21.09.23"
"Arcane: Staffel 1: Willkommen in den Gassen","21.09.23"
"Spionageoperationen: Staffel 1: Operation Jawbreaker","11.09.23"
"The Dark Knight Rises","07.09.23"
"Auslöschung","07.09.23"
"Die Tribute von Panem – Mockingjay Teil 1","31.08.23"
"Die Tribute von Panem – Catching Fire","28.08.23"
"Die Tribute von Panem – The Hunger Games","27.08.23"
"Brooklyn Nine-Nine: Staffel 2: Auge um Auge, Arsch um Arsch","25.08.23"
"Brooklyn Nine-Nine: Staffel 2: Er schafft alles und beklaut jeden","12.08.23"
"Brooklyn Nine-Nine: Staffel 2: Wir spielen, um Amy verlieren zu sehen","11.08.23"
"Brooklyn Nine-Nine: Staffel 2: Wenn Sie hier sind, wer bewacht dann die Hölle?","10.08.23"
"Ready Player One","09.08.23"
"Brooklyn Nine-Nine: Staffel 2: Richtig gangstermäßig investigative Cops oder so","08.08.23"
"Narcos: Staffel 3: Die Strategie der Anführer","05.08.23"
"Heartstopper: Staffel 1: Treffen","04.08.23"
"Valerian - Die Stadt der Tausend Planeten","01.08.23"
"Der Soldat James Ryan","29.07.23"
"Und täglich grüßt das Murmeltier","27.07.23"
"Edge of Tomorrow","26.07.23"
"Narcos: Staffel 2: ¡Al fin cayó!","25.07.23"
"Blood Diamond","25.07.23"
"Narcos: Staffel 2: Nuestra finca","20.07.23"
"Narcos: Staffel 2: El Patrón auf der Flucht","18.07.23"
"Narcos: Staffel 2: Los Pepes","08.07.23"
"Narcos: Staffel 2: Die Feinde meines Feindes","07.07.23"
"How to Sell Drugs Online (Fast): Staffel 1: Nerd Today, Boss Tomorrow","06.07.23"
"Narcos: Staffel 2: Das Lied vom Tod","06.07.23"
"Narcos: Staffel 2: Unser Mann in Madrid","05.07.23"
"Narcos: Staffel 2: Cambalache","04.07.23"
"Narcos: Staffel 2: Endlich frei","04.07.23"
"Narcos: Staffel 1: Despegue","04.07.23"
"Manifest: Staffel 1: Zeitpunkt des Todes","21.06.23"
"Brooklyn Nine-Nine: Staffel 1: Nimmt sich das Verbrechen frei und macht seine Wäsche?","19.06.23"
"Brooklyn Nine-Nine: Staffel 1: Captain Raymond Sexvibes","19.06.23"
"Manifest: Staffel 1: Bombendrohung","18.06.23"
"Marriage Story","14.06.23"
"Brooklyn Nine-Nine: Staffel 1: Wir müssen über Ottawa reden","08.06.23"
"Brooklyn Nine-Nine: Staffel 1: Französischer Geheimagent, Ballistikexperte, großer Charmeur","08.06.23"
"Brooklyn Nine-Nine: Staffel 1: Wie eine stolze Mama-Henne","07.06.23"
"Brooklyn Nine-Nine: Staffel 1: Sagen Sie nur AAGLNYCPA","07.06.23"
"Brooklyn Nine-Nine: Staffel 1: Hier springt einem das Niveau aus jedem Winkel entgegen","07.06.23"
"Brooklyn Nine-Nine: Staffel 1: Der Holt-Jeffords-Strategiestrudel","29.05.23"
"Brooklyn Nine-Nine: Staffel 1: Der Ebenholz-Falke fliegt wieder","25.05.23"
"Brooklyn Nine-Nine: Staffel 1: Das schlimmste Date aller Zeiten","25.05.23"
"Brooklyn Nine-Nine: Staffel 1: Angst ist das beste Aphrodisiakum","25.05.23"
"Brooklyn Nine-Nine: Staffel 1: Mein Safe House, meine Regeln","24.05.23"
"Brooklyn Nine-Nine: Staffel 1: Desaster garantiert","24.05.23"
"Rick and Morty: Staffel 5: Rickmurai Jack","22.05.23"
"Brooklyn Nine-Nine: Staffel 1: König Torfnase von Torfnasien","21.05.23"
"Brooklyn Nine-Nine: Staffel 1: Das waren noch echte Kerle","20.05.23"
"Brooklyn Nine-Nine: Staffel 1: Total zum Teil meine Schuld","20.05.23"
"Brooklyn Nine-Nine: Staffel 1: Halloween ist Weihnachten für Arschgeigen","20.05.23"
"Brooklyn Nine-Nine: Staffel 1: Wir nennen ihn den Geier","20.05.23"
"Brooklyn Nine-Nine: Staffel 1: Der mieseste Assistent der Welt","19.05.23"
"Brooklyn Nine-Nine: Staffel 1: Ich habe Etknupfeit","19.05.23"
"Brooklyn Nine-Nine: Staffel 1: In jedweder Hinsicht optimal","18.05.23"
"Brooklyn Nine-Nine: Staffel 1: Wir fangen Verbrecher und sehen gut dabei aus","17.05.23"
"Brooklyn Nine-Nine: Staffel 5: Nutri-Bumm","17.05.23"
"Outer Banks: Staffel 3: Poguelandia","12.05.23"
"Outer Banks: Staffel 2: Die Coastal Venture","12.05.23"
"Outer Banks: Staffel 2: In der Falle","12.05.23"
"Outer Banks: Staffel 2: Das Kreuz","12.05.23"
"Die Schwimmerinnen","07.05.23"
"Better Call Saul: Staffel 6: Saul ist weg","04.05.23"
"Better Call Saul: Staffel 6: Tränen","03.05.23"
"Better Call Saul: Staffel 6: Rein oder raus?","01.05.23"
"Better Call Saul: Staffel 6: Nippy","01.05.23"
"Better Call Saul: Staffel 6: Spaß und Streiche","29.04.23"
"Better Call Saul: Staffel 6: Draufhalten und abdrücken","26.04.23"
"Better Call Saul: Staffel 6: Plan und Ausführung","24.04.23"
"Better Call Saul: Staffel 6: Hacken und schleifen","24.04.23"
"Better Call Saul: Staffel 6: Blaue Flecken","22.04.23"
"Better Call Saul: Staffel 6: Die wandelnde Eiterbeule","13.04.23"
"Better Call Saul: Staffel 6: Pest und Cholera","10.04.23"
"Better Call Saul: Staffel 6: Zuckerbrot und Peitsche","10.04.23"
"Better Call Saul: Staffel 6: Wein und Rosen","08.04.23"
"Better Call Saul: Staffel 5: Etwas Unentschuldbares","24.03.23"
"Better Call Saul: Staffel 5: Miese Entscheidungen","22.03.23"
"Better Call Saul: Staffel 5: Mittelsmann","20.03.23"
"Better Call Saul: Staffel 5: JMM","18.03.23"
"Better Call Saul: Staffel 5: Wexler ./. Goodman","17.03.23"
"Better Call Saul: Staffel 5: Mit vollem Einsatz","14.03.23"
"Better Call Saul: Staffel 5: Namaste","12.03.23"
"Better Call Saul: Staffel 5: Der Mann dafür","11.03.23"
"Better Call Saul: Staffel 5: 50 Prozent Rabatt","09.03.23"
"Better Call Saul: Staffel 5: Der Magier","09.03.23"
"Better Call Saul: Staffel 4: Winner","08.03.23"
"Better Call Saul: Staffel 4: Wiedersehen","05.03.23"
"Better Call Saul: Staffel 4: Coushatta","02.03.23"
"Better Call Saul: Staffel 4: Something Stupid","22.02.23"
"Better Call Saul: Staffel 4: Piñata","22.02.23"
"Better Call Saul: Staffel 4: Eine wilde Fahrt","22.02.23"
"Better Call Saul: Staffel 4: Reden","21.02.23"
"Better Call Saul: Staffel 4: Was Gutes","21.02.23"
"Better Call Saul: Staffel 4: Atmen","20.02.23"
"Better Call Saul: Staffel 4: Rauch","20.02.23"
"Better Call Saul: Staffel 3: Laterne","19.02.23"
"Better Call Saul: Staffel 3: Fall","19.02.23"
"Better Call Saul: Staffel 3: Ausrutscher","19.02.23"
"Better Call Saul: Staffel 3: Unkosten","18.02.23"
"Better Call Saul: Staffel 1: Käse","18.02.23"
"Better Call Saul: Staffel 3: Werbefuzzi","18.02.23"
"Better Call Saul: Staffel 3: Schikane","17.02.23"
"Better Call Saul: Staffel 3: Sabrosito","17.02.23"
"Better Call Saul: Staffel 3: Versunkene Kosten","17.02.23"
"Better Call Saul: Staffel 3: Zeuge","13.02.23"
"Better Call Saul: Staffel 3: Mabel","11.02.23"
"Better Call Saul: Staffel 2: Klick","10.02.23"
"Better Call Saul: Staffel 2: Nägel mit Köpfen","08.02.23"
"Das Büro: Staffel 3: Die Filialschließung","08.02.23"
"Better Call Saul: Staffel 2: Fifi","05.02.23"
"Better Call Saul: Staffel 2: Aufgebläht","04.02.23"
"Better Call Saul: Staffel 2: Bali Ha'i","04.02.23"
"Better Call Saul: Staffel 2: Rebecca","04.02.23"
"Better Call Saul: Staffel 2: Harte Bandagen","02.02.23"
"Better Call Saul: Staffel 2: Amarillo","02.02.23"
"Das Büro: Staffel 3: Diwali","01.02.23"
"Das Büro: Staffel 5: Das Firmenpicknick","01.02.23"
"Better Call Saul: Staffel 2: Kuchen","29.01.23"
"Better Call Saul: Staffel 2: Wechsel","28.01.23"
"Better Call Saul: Staffel 1: Marco","28.01.23"
"Knives Out – Mord ist Familiensache","25.01.23"
"Better Call Saul: Staffel 1: Die Klage","14.01.23"
"Better Call Saul: Staffel 1: Bingo","13.01.23"
"Better Call Saul: Staffel 1: Bullen","11.01.23"
"Seaspiracy","26.12.22"
"1899: Staffel 1: Der Schlüssel","15.12.22"
"1899: Staffel 1: Der Sturm","10.12.22"
"1899: Staffel 1: Die Pyramide","08.12.22"
"1899: Staffel 1: Der Ruf","03.12.22"
"1899: Staffel 1: Der Kampf","30.11.22"
"1899: Staffel 1: Der Nebel","26.11.22"
"1899: Staffel 1: Der Junge","26.11.22"
"1899: Staffel 1: Das Schiff","20.11.22"
"Better Call Saul: Staffel 1: Schäferbub","16.11.22"
"Better Call Saul: Staffel 1: Held","14.11.22"
"Better Call Saul: Staffel 1: Nacho","14.11.22"
"Better Call Saul: Staffel 1: Mijo","14.11.22"
"Better Call Saul: Staffel 1: Anfänge","12.11.22"
"El Camino: Ein „Breaking Bad“-Film","11.11.22"
"Breaking Bad: Staffel 5: Felina","01.11.22"
"Breaking Bad: Staffel 5: Granit-Staat","28.10.22"
"Breaking Bad: Staffel 5: Ozymandias","28.10.22"
"Breaking Bad: Staffel 5: To’hajiilee","27.10.22"
"Breaking Bad: Staffel 5: Tollwütiger Hund","25.10.22"
"Die Bestimmung – Insurgent","25.10.22"
"Die Bestimmung – Divergent","25.10.22"
"Barbie: Bühne frei für große Träume","25.10.22"
"Breaking Bad: Staffel 5: Geständnisse","23.10.22"
"Lost in Space – Verschollen zwischen fremden Welten: Staffel 3: Vertrauen","22.10.22"
"Breaking Bad: Staffel 5: Begraben","22.10.22"
"Breaking Bad: Staffel 5: Blutgeld","22.10.22"
"Lost in Space – Verschollen zwischen fremden Welten: Staffel 3: Plan B für Plan B","21.10.22"
"Lost in Space – Verschollen zwischen fremden Welten: Staffel 3: Letzte Meldung","21.10.22"
"Lost in Space – Verschollen zwischen fremden Welten: Staffel 3: Gestrandet","21.10.22"
"Breaking Bad: Staffel 5: Walt Whitman „Gliding over All“","21.10.22"
"Breaking Bad: Staffel 5: Sagen Sie meinen Namen","19.10.22"
"The Adam Project","18.10.22"
"Breaking Bad: Staffel 5: Buyout","17.10.22"
"Breaking Bad: Staffel 5: Tödliche Fracht","17.10.22"
"Lost in Space – Verschollen zwischen fremden Welten: Staffel 3: Spurlos","14.10.22"
"Breaking Bad: Staffel 5: 51.0","14.10.22"
"Lost in Space – Verschollen zwischen fremden Welten: Staffel 3: Der Neue","13.10.22"
"Breaking Bad: Staffel 5: Gefahrenzulage","13.10.22"
"Breaking Bad: Staffel 5: Madrigal","12.10.22"
"Lost in Space – Verschollen zwischen fremden Welten: Staffel 3: Kontakt","12.10.22"
"Lost in Space – Verschollen zwischen fremden Welten: Staffel 3: Drei kleine Vögel","12.10.22"
"10 Cloverfield Lane","12.10.22"
"Breaking Bad: Staffel 5: Lebe frei oder stirb","11.10.22"
"Das Büro: Staffel 2: Kampflustig","11.10.22"
"Breaking Bad: Staffel 4: Von Angesicht zu Angesicht","10.10.22"
"Lost in Space – Verschollen zwischen fremden Welten: Staffel 2: Siebenundneunzig","10.10.22"
"Breaking Bad: Staffel 4: Endzeit","10.10.22"
"Breaking Bad: Staffel 4: Flucht","09.10.22"
"Breaking Bad: Staffel 4: Prost!","09.10.22"
"Lost in Space – Verschollen zwischen fremden Welten: Staffel 2: Ablenkungsmanöver","09.10.22"
"Breaking Bad: Staffel 4: Verwanzt","09.10.22"
"Lost in Space – Verschollen zwischen fremden Welten: Staffel 2: Unbekannt","09.10.22"
"Breaking Bad: Staffel 4: Brüder","09.10.22"
"Breaking Bad: Staffel 4: Problemhund","09.10.22"
"Breaking Bad: Staffel 4: In die Ecke getrieben","07.10.22"
"Breaking Bad: Staffel 4: Schrotflinte","07.10.22"
"Breaking Bad: Staffel 4: Abgehakt","07.10.22"
"Lost in Space – Verschollen zwischen fremden Welten: Staffel 2: Evolution","06.10.22"
"Peaky Blinders – Gangs of Birmingham: Staffel 6: Schloss und Schlüssel","06.10.22"
"Das Büro: Staffel 4: Die Anhörung","06.10.22"
"Das Büro: Staffel 4: Überlebenstraining","06.10.22"
"Das Büro: Staffel 4: Krieg der Filialen","06.10.22"
"Breaking Bad: Staffel 4: Offenes Haus","06.10.22"
"Breaking Bad: Staffel 4: Kaliber 38","06.10.22"
"Breaking Bad: Staffel 4: Das Teppichmesser","05.10.22"
"Lost in Space – Verschollen zwischen fremden Welten: Staffel 2: Getrennt","05.10.22"
"Breaking Bad: Staffel 3: Nägel mit Köpfen","05.10.22"
"Breaking Bad: Staffel 3: Halbe Sachen","05.10.22"
"Breaking Bad: Staffel 3: Offene Worte","04.10.22"
"Lost in Space – Verschollen zwischen fremden Welten: Staffel 2: Laufen","04.10.22"
"Lost in Space – Verschollen zwischen fremden Welten: Staffel 2: Scarecrow","04.10.22"
"Breaking Bad: Staffel 3: Die Fliege","03.10.22"
"Breaking Bad: Staffel 3: Kafkaesk","03.10.22"
"Breaking Bad: Staffel 3: Familienbande","03.10.22"
"Breaking Bad: Staffel 3: Eine Minute","03.10.22"
"Lost in Space – Verschollen zwischen fremden Welten: Staffel 2: Echos","03.10.22"
"Lost in Space – Verschollen zwischen fremden Welten: Staffel 2: Abgrund","03.10.22"
"Breaking Bad: Staffel 3: Sonnenuntergang","03.10.22"
"Lost in Space – Verschollen zwischen fremden Welten: Staffel 2: Schiffbrüchig","02.10.22"
"Lost in Space – Verschollen zwischen fremden Welten: Staffel 1: Gefahr, Will Robinson","02.10.22"
"Lost in Space – Verschollen zwischen fremden Welten: Staffel 1: Wiederauferstehung","02.10.22"
"Breaking Bad: Staffel 3: Más","02.10.22"
"Breaking Bad: Staffel 3: Grünes Licht","02.10.22"
"Breaking Bad: Staffel 3: Kopflosigkeit","02.10.22"
"Breaking Bad: Staffel 3: Caballo Sin Nombre","01.10.22"
"Breaking Bad: Staffel 3: No Mas","01.10.22"
"Lost in Space – Verschollen zwischen fremden Welten: Staffel 1: Flugbahn","01.10.22"
"Lost in Space – Verschollen zwischen fremden Welten: Staffel 1: Unter Druck","01.10.22"
"Breaking Bad: Staffel 2: Krisen","01.10.22"
"Lost in Space – Verschollen zwischen fremden Welten: Staffel 1: Grabrede","30.09.22"
"Lost in Space – Verschollen zwischen fremden Welten: Staffel 1: Kommunikation","30.09.22"
"Formula 1: Drive to Survive: Staffel 4: Kampf der Titanen","30.09.22"
"Lost in Space – Verschollen zwischen fremden Welten: Staffel 1: Die Robinsons waren hier","29.09.22"
"Lost in Space – Verschollen zwischen fremden Welten: Staffel 1: Invasion","29.09.22"
"Lost in Space – Verschollen zwischen fremden Welten: Staffel 1: Diamanten aus dem Himmel","28.09.22"
"Breaking Bad: Staffel 2: Phönix","28.09.22"
"Lost in Space – Verschollen zwischen fremden Welten: Staffel 1: Aufprall","28.09.22"
"Breaking Bad: Staffel 2: Mandala","27.09.22"
"Das geheime Leben der Bäume","27.09.22"
"Outlander: Staffel 1: Sassenach","27.09.22"
"Breaking Bad: Staffel 2: Schluss","27.09.22"
"Breaking Bad: Staffel 2: 4 Tage Auszeit","26.09.22"
"Breaking Bad: Staffel 2: Beauftragen Sie Saul","25.09.22"
"Breaking Bad: Staffel 2: Negro Y Azul","25.09.22"
"Breaking Bad: Staffel 2: Kuckuck","25.09.22"
"Breaking Bad: Staffel 2: Bruchschäden","25.09.22"
"Breaking Bad: Staffel 2: Ganz unten","24.09.22"
"Breaking Bad: Staffel 2: Gedächtnisschwund","24.09.22"
"Breaking Bad: Staffel 2: In der Falle","23.09.22"
"Das Büro: Staffel 4: Lokale Werbung","23.09.22"
"Das Büro: Staffel 4: Geld","23.09.22"
"Das Büro: Staffel 4: Das World Wide Web","23.09.22"
"Breaking Bad: Staffel 2: Vorsichtsmaßnahmen","22.09.22"
"Breaking Bad: Staffel 1: Lehrgeld","22.09.22"
"Breaking Bad: Staffel 1: In der Höhle des Löwen","22.09.22"
"Breaking Bad: Staffel 1: Grauzonen","21.09.22"
"Breaking Bad: Staffel 1: Die Diagnose","21.09.22"
"Breaking Bad: Staffel 1: … und der Sack ist im Fluss","21.09.22"
"Breaking Bad: Staffel 1: Die Katze ist im Sack …","21.09.22"
"Breaking Bad: Staffel 1: Der Einstieg (Pilot)","20.09.22"
"Locke & Key: Staffel 3: Ungebetene Gäste","19.09.22"
"Manifest: Staffel 1: Die Gesegneten","18.09.22"
"Sandman: Staffel 1: Der Schlaf der Gerechten","14.09.22"
"Rick and Morty: Staffel 5: Lebe lieber umweltfreundlich","14.09.22"
"Locke & Key: Staffel 3: Die Schneekugel","12.09.22"
"Rick and Morty: Staffel 5: Es kann nur viele geben","12.09.22"
"Im Herzen der See","10.09.22"
"Vikings: Valhalla: Staffel 1: Die Grönländer","10.09.22"
"The Witcher: Staffel 1: Des Endes Anfang","10.09.22"
"Rick and Morty: Staffel 5: Versauter Feind","10.09.22"
"Rick and Morty: Staffel 4: Star Mort Rickturn of the Jerri","10.09.22"
"Rick and Morty: Staffel 4: Urgeknallt","09.09.22"
"Rick and Morty: Staffel 4: Die Säurefass-Episode","09.09.22"
"Rick and Morty: Staffel 4: Eier für alle und alles für Eier","08.09.22"
"Rick and Morty: Staffel 4: Lug und Trug im Zug","08.09.22"
"Rick and Morty: Staffel 4: Drachenschämen leicht gemacht","05.09.22"
"Rick and Morty: Staffel 4: Der Heist-Meister","05.09.22"
"Rick and Morty: Staffel 4: Das stillste Örtchen","05.09.22"
"Rick and Morty: Staffel 3: Der König und die Kriegerin","28.08.22"
"Rick and Morty: Staffel 3: Kopfkino","28.08.22"
"Rick and Morty: Staffel 3: Atlantis ist nur einmal im Jahr","28.08.22"
"Rick and Morty: Staffel 3: Nicht ohne meine Toxine","25.08.22"
"Rick and Morty: Staffel 3: Schmeiß den Opa aus dem Zug","20.08.22"
"Rick and Morty: Staffel 3: Vindicators 3: Worldenders Rückkehr","20.08.22"
"Manifest: Staffel 1: Rote Kreuze","17.08.22"
"Manifest: Staffel 1: Zeichnungen","14.08.22"
"Manifest: Staffel 1: Dunkle Blitze","14.08.22"
"Manifest: Staffel 1: Fremde Stimme","11.08.22"
"Manifest: Staffel 1: Falsches Spiel","10.08.22"
"Manifest: Staffel 1: Todesengel","09.08.22"
"Manifest: Staffel 1: Herzschlag","09.08.22"
"Manifest: Staffel 1: Fieber","07.08.22"
"Manifest: Staffel 1: Im Untergrund","30.07.22"
"Manifest: Staffel 1: Blinder Passagier","30.07.22"
"Manifest: Staffel 1: Lege deine Wahrheit dar","29.07.22"
"Rick and Morty: Staffel 3: Gurken-Rick","28.07.22"
"Manifest: Staffel 1: Sündenbock","28.07.22"
"Manifest: Staffel 1: Pilotfolge","27.07.22"
"Rick and Morty: Staffel 3: Jenseits der Blutkuppel","27.07.22"
"Rick and Morty: Staffel 3: Raus aus meinem Kopf!","27.07.22"
"Rick and Morty: Staffel 2: Die Vogelmenschhochzeit","26.07.22"
"Rick and Morty: Staffel 2: Anarchie für Anfänger","26.07.22"
"Der seltsame Fall des Benjamin Button","22.07.22"
"Rick and Morty: Staffel 2: Wer A sagt, muss auch Penis sagen","22.07.22"
"Rick and Morty: Staffel 2: Jugendwahn","18.07.22"
"Das Büro: Staffel 9: Das Finale","13.07.22"
"Das Büro: Staffel 9: Der Assistent des Assistenten","13.07.22"
"Das Büro: Staffel 9: Den Traum leben","12.07.22"
"Das Büro: Staffel 9: Papierflieger","12.07.22"
"Das Büro: Staffel 9: Der Treppenberg","11.07.22"
"Das Büro: Staffel 9: Promos","11.07.22"
"Das Büro: Staffel 9: Die Farm","11.07.22"
"Das Büro: Staffel 9: Es muss weitergehen","11.07.22"
"Rick and Morty: Staffel 2: Die Götter müssen verRickt sein","11.07.22"
"Good bye, Lenin!","10.07.22"
"Rick and Morty: Staffel 2: Recall im Weltall","10.07.22"
"Rick and Morty: Staffel 2: Freunde und andere Parasiten","10.07.22"
"Stranger Things: Stranger Things 4: Kapitel neun: Huckepack","08.07.22"
"Stranger Things: Stranger Things 4: Kapitel acht: Papa","06.07.22"
"Rick and Morty: Staffel 4: Terminatter: Genizisch","29.06.22"
"Rick and Morty: Staffel 1: Der Rasenmäher-Hund","28.06.22"
"Rick and Morty: Staffel 1: School of Rick","28.06.22"
"Peaky Blinders – Gangs of Birmingham: Staffel 6: Ein schwarzes Hemd","27.06.22"
"Peaky Blinders – Gangs of Birmingham: Staffel 6: Gold","27.06.22"
"Rick and Morty: Staffel 5: Americkanische Krähvolution","27.06.22"
"Rick and Morty: Staffel 5: Verrick mein nicht!","27.06.22"
"Rick and Morty: Staffel 5: GoTronFellas – Robo-Frettchen in der Mafia","26.06.22"
"Rick and Morty: Staffel 5: Im Truthahn des Feindes","26.06.22"
"Rick and Morty: Staffel 5: Die in die Hölle gehen","26.06.22"
"Rick and Morty: Staffel 5: Spermageddon","25.06.22"
"Das Büro: Staffel 9: Partner-Rabatt","25.06.22"
"Das Büro: Staffel 9: Vandalismus","24.06.22"
"Das Büro: Staffel 9: Der Nachwuchs-Vertriebler","24.06.22"
"Don't Look Up","24.06.22"
"Das Büro: Staffel 9: Kundentreue","23.06.22"
"Das Büro: Staffel 9: Der Herrenausstatter","23.06.22"
"Peaky Blinders – Gangs of Birmingham: Staffel 6: Ein schwarzer Tag","21.06.22"
"Das Büro: Staffel 9: Läuse","21.06.22"
"Peaky Blinders – Gangs of Birmingham: Staffel 1: Das Grab","20.06.22"
"Der große Gatsby","20.06.22"
"Stranger Things: Stranger Things 4: Kapitel sieben: Das Massaker im Hawkins Lab","19.06.22"
"Stranger Things: Stranger Things 4: Kapitel sechs: Auf Tiefgang","19.06.22"
"Das Büro: Staffel 9: Bestes Weihnachten aller Zeiten","19.06.22"
"Das Büro: Staffel 9: Das Ziel","18.06.22"
"Das Büro: Staffel 9: Der Wal","18.06.22"
"Das Büro: Staffel 9: Das Boot","18.06.22"
"Stranger Things: Stranger Things 4: Kapitel fünf: Das Nina-Projekt","10.06.22"
"Stranger Things: Stranger Things 4: Kapitel vier: Lieber Billy","10.06.22"
"Stranger Things: Stranger Things 4: Kapitel drei: Das Monster und die Superheldin","07.06.22"
"Stranger Things: Stranger Things 4: Kapitel zwei: Vecnas Fluch","06.06.22"
"Stranger Things: Stranger Things 4: Kapitel eins: Der Höllenfeuer-Club","05.06.22"
"Das Leben der Anderen","04.06.22"
"Das Büro: Staffel 9: Tremolo","27.05.22"
"Das Büro: Staffel 9: Der Arbeitsbus","26.05.22"
"Das Büro: Staffel 9: Andys Stammbaum","26.05.22"
"Das Büro: Staffel 9: Roys Hochzeit","26.05.22"
"Das Büro: Staffel 9: Die Neuen","26.05.22"
"Das Büro: Staffel 8: Kostenlose Familienporträts","25.05.22"
"Das Büro: Staffel 8: Revierkampf","25.05.22"
"American Psycho","25.05.22"
"Das Büro: Staffel 8: Die Spendengala","24.05.22"
"Das Büro: Staffel 8: Andys Ärger","24.05.22"
"Das Büro: Staffel 8: Die Willkommensparty","23.05.22"
"Das Büro: Staffel 8: Hol das Mädchen","23.05.22"
"Das Büro: Staffel 8: Der letzte Tag in Florida","21.05.22"
"Das Büro: Staffel 8: Der Ladentest","21.05.22"
"Das Büro: Staffel 8: Überstunden","21.05.22"
"Das Büro: Staffel 8: Tallahassee","19.05.22"
"Das Büro: Staffel 8: Das Sonderprojekt","18.05.22"
"Das Büro: Staffel 8: Geschworenenpflicht","17.05.22"
"Das Büro: Staffel 8: Die Poolparty","15.05.22"
"Das Büro: Staffel 8: Das Quiz","15.05.22"
"Das Büro: Staffel 8: Weihnachtswünsche","13.05.22"
"Das Büro: Staffel 8: Mrs. California","13.05.22"
"Das Büro: Staffel 8: Gettysburg","12.05.22"
"Das Büro: Staffel 6: Niagara: Teil 1","12.05.22"
"Das Büro: Staffel 6: Die Beförderten","11.05.22"
"Das Büro: Staffel 6: Das Meeting","11.05.22"
"Das Büro: Staffel 8: Pams Vertretung","08.05.22"
"Das Büro: Staffel 8: Das jüngste Gericht","08.05.22"
"Das Büro: Staffel 8: Angst und Schrecken","07.05.22"
"Das Büro: Staffel 8: Die Gartenparty","06.05.22"
"Das Büro: Staffel 8: Lotto","06.05.22"
"Arrested Development: Staffel 1: Familie und andere Katastrophen","06.05.22"
"Das Büro: Staffel 8: Der Anreiz","05.05.22"
"Das Büro: Staffel 8: Die Liste","05.05.22"
"Das Büro: Staffel 7: Die Auswahlkommission: Teil 2","05.05.22"
"Das Büro: Staffel 7: Die Auswahlkommission: Teil 1","04.05.22"
"Das Büro: Staffel 7: Dwight K. Schrute, (kommissarischer) Geschäftsführer","04.05.22"
"Das Büro: Staffel 7: Der innere Kreis","04.05.22"
"Das Büro: Staffel 7: Auf Wiedersehen, Michael","03.05.22"
"Das Büro: Staffel 7: Michaels letzte Dundies","27.04.22"
"Das Büro: Staffel 7: Einstand","27.04.22"
"Das Büro: Staffel 7: Der Garagenflohmarkt","25.04.22"
"Das Büro: Staffel 7: Todd Packer","25.04.22"
"Das Büro: Staffel 7: Alarmstufe Mitternacht","25.04.22"
"Das Büro: Staffel 7: Intimitäten","25.04.22"
"Das Büro: Staffel 7: Die Suche","24.04.22"
"Das Büro: Staffel 7: Das Seminar","22.04.22"
"Das Büro: Staffel 7: Das Ultimatum","22.04.22"
"Das Büro: Staffel 7: Weihnachtsfeier mit Niveau: Teil 2","21.04.22"
"Das Büro: Staffel 7: Weihnachtsfeier mit Niveau: Teil 1","21.04.22"
"Das Büro: Staffel 7: China","17.04.22"
"Das Büro: Staffel 7: WUPHF.com","14.04.22"
"Das Büro: Staffel 7: Die Party","13.04.22"
"Das Büro: Staffel 7: Die Taufe","13.04.22"
"Das Büro: Staffel 7: Der Kostümwettbewerb","13.04.22"
"Das Büro: Staffel 7: Der Clou","13.04.22"
"Das Büro: Staffel 7: Aufklärungsunterricht","13.04.22"
"Brooklyn Nine-Nine: Staffel 5: Der Rätselmeister","12.04.22"
"Das Büro: Staffel 7: Andys Stück","12.04.22"
"Das Büro: Staffel 7: Therapie","12.04.22"
"Das Büro: Staffel 7: Vetternwirtschaft","12.04.22"
"Das Büro: Staffel 6: Whistleblower","11.04.22"
"Das Büro: Staffel 6: Dicke Eier","11.04.22"
"Das Büro: Staffel 6: Undercover","11.04.22"
"Das Büro: Staffel 6: Körpersprache","10.04.22"
"Das Büro: Staffel 6: Sekretärinnen-Tag","09.04.22"
"Das Büro: Staffel 6: Happy Hour","09.04.22"
"Das Büro: Staffel 6: Die Kunden-Kontakte","09.04.22"
"Das Büro: Staffel 6: St. Patrick's Day","08.04.22"
"Das Büro: Staffel 6: Der Stichtag: Teil 2","08.04.22"
"Das Büro: Staffel 6: Der Stichtag: Teil 1","08.04.22"
"Das Büro: Staffel 6: Bossa Nova","08.04.22"
"Das Büro: Staffel 6: Sabre","07.04.22"
"Das Büro: Staffel 6: Der Investmentbanker","04.04.22"
"Das Büro: Staffel 4: Abendessen","04.04.22"
"Das Büro: Staffel 6: Secret Santa","03.04.22"
"Das Büro: Staffel 6: Mitarbeiter des Monats","03.04.22"
"Das Büro: Staffel 6: Der 45-Tage-Plan","02.04.22"
"Das Büro: Staffel 6: Mord in Savannah","02.04.22"
"Das Büro: Staffel 6: Das Geburtstagsessen","02.04.22"
"Das Büro: Staffel 6: Das Koi-Becken","02.04.22"
"Das Büro: Staffel 6: Die Geliebte","01.04.22"
"Explained: Unser Kopf: Staffel 1: Gedächtnis","31.03.22"
"Das Büro: Staffel 6: Mafia","31.03.22"
"Das Büro: Staffel 6: Niagara: Teil 2","31.03.22"
"Fack ju Göhte","30.03.22"
"Das Büro: Staffel 6: Wahre Gerüchte","28.03.22"
"Das Büro: Staffel 5: Café-Disko","26.03.22"
"Das Büro: Staffel 5: Casual Friday","25.03.22"
"Das Büro: Staffel 5: Pleite","25.03.22"
"Das Büro: Staffel 5: Starke Konkurrenz","24.03.22"
"Das Büro: Staffel 5: Die Michael Scott Paper Company","24.03.22"
"Das Büro: Staffel 5: Das Dream-Team","22.03.22"
"Das Büro: Staffel 5: Kündigungsfrist","22.03.22"
"Das Büro: Staffel 5: Der neue Boss","20.03.22"
"Das Büro: Staffel 5: Die goldenen Tickets","19.03.22"
"Das Büro: Staffel 5: Blutspende","19.03.22"
"Das Büro: Staffel 5: Die Vortragsreihe: Teil 2","19.03.22"
"Das Büro: Staffel 5: Die Vortragsreihe: Teil 1","17.03.22"
"Das Büro: Staffel 5: Stressbewältigung: Teil 2","17.03.22"
"Das Büro: Staffel 5: Stressbewältigung: Teil 1","17.03.22"
"Das Büro: Staffel 5: Familie Prince","15.03.22"
"Das Büro: Staffel 5: Das Duell","11.03.22"
"Das Büro: Staffel 5: Marokkanische Weihnachtsfeier","11.03.22"
"Das Büro: Staffel 5: Der Überschuss","11.03.22"
"Das Büro: Staffel 5: Der Drogendealer","10.03.22"
"Das Büro: Staffel 5: Geschäftsreise","10.03.22"
"Das Büro: Staffel 5: Kundenbeurteilung","10.03.22"
"Das Büro: Staffel 5: Die Versetzung","09.03.22"
"Das Büro: Staffel 5: Sex ohne Reue","09.03.22"
"Das Büro: Staffel 5: Baby Party","09.03.22"
"Das Büro: Staffel 5: Business Ethik","09.03.22"
"Das Büro: Staffel 5: Abspecken: Teil 2","09.03.22"
"Das Büro: Staffel 5: Abspecken: Teil 1","08.03.22"
"Das Büro: Staffel 4: Tobys Abschied","08.03.22"
"Das Büro: Staffel 4: Die Jobbörse","08.03.22"
"Das Büro: Staffel 4: Stottere ich etwa?","07.03.22"
"Das Büro: Staffel 4: Die Partynacht","07.03.22"
"Das Büro: Staffel 4: Das Stuhl-Modell","07.03.22"
"Das Büro: Staffel 3: Zurück aus dem Urlaub","04.03.22"
"Das Büro: Staffel 4: Dunder Mifflin Infinity","03.03.22"
"Das Büro: Staffel 4: Der Fluch","02.03.22"
"Das Büro: Staffel 3: Der Job in New York","27.02.22"
"Das Büro: Staffel 3: Strandspiele","24.02.22"
"Explained: Unser Kopf: Staffel 2: Persönlichkeit","23.02.22"
"Das Büro: Staffel 3: Der Misogynistiker","22.02.22"
"Das Büro: Staffel 3: Rückruf-Aktion","20.02.22"
"Das Büro: Staffel 3: Das Sicherheitstraining","20.02.22"
"Das Büro: Staffel 3: Die Kunst der Verhandlung","19.02.22"
"Das Büro: Staffel 3: Der Kartoffelsalat","18.02.22"
"Das Büro: Staffel 3: Die große Kunst","17.02.22"
"Das Büro: Staffel 3: Phyllis' Hochzeit","17.02.22"
"Das Büro: Staffel 3: Ben Franklin","17.02.22"
"Headspace: Eine Meditationsanleitung: Staffel 1: Einleitung","15.02.22"
"Explained: Unser Kopf: Staffel 2: Das Gehirn von Teenagern","15.02.22"
"Explained: Unser Kopf: Staffel 2: Konzentration erlernen","15.02.22"
"Das Büro: Staffel 3: Die Rückkehr","15.02.22"
"Das Büro: Staffel 3: Amazing Race","14.02.22"
"Das Büro: Staffel 3: Benihana Christmas","13.02.22"
"Das Büro: Staffel 3: Der Ex-Sträfling","12.02.22"
"Das Büro: Staffel 3: Die Fusion","12.02.22"
"Das Büro: Staffel 3: Brezel-Tag","08.02.22"
"Das Büro: Staffel 3: Die fünf Stufen der Trauer","07.02.22"
"Das Büro: Staffel 3: Der Coup","07.02.22"
"Das Büro: Staffel 3: Jahrestagung","07.02.22"
"Das Büro: Staffel 3: Wir sind alle Homos","06.02.22"
"Das Büro: Staffel 2: Die Nacht der Nächte","06.02.22"
"Das Büro: Staffel 2: Konfliktbewältigung à la Michael","05.02.22"
"Das Büro: Staffel 2: Drogenbeauftragter Dwight","04.02.22"
"Das Büro: Staffel 2: Michaels Geburtstag","03.02.22"
"Das Büro: Staffel 2: Der „Bring-die-Kinder-mit-ins-Büro-Tag“","01.02.22"
"Das Büro: Staffel 2: Dwight und die Redekunst","01.02.22"
"Das Büro: Staffel 2: Valentinstag","31.01.22"
"Das Büro: Staffel 2: Männer und Frauen","31.01.22"
"Das Büro: Staffel 2: Das Ding auf dem Teppich","30.01.22"
"Das Büro: Staffel 2: Geheimnisse","30.01.22"
"Das Büro: Staffel 2: Unfallfolgen","30.01.22"
"Das Büro: Staffel 2: Betriebsausflug","30.01.22"
"Das Büro: Staffel 2: Weihnachtsfeier","30.01.22"
"Crouching Tiger, Hidden Dragon: Sword of Destiny","28.01.22"
"Das Büro: Staffel 2: Unter Kontrolle?","28.01.22"
"Das Büro: Staffel 2: Performances","27.01.22"
"Das Büro: Staffel 2: Beziehungen","26.01.22"
"Das Büro: Staffel 2: Halloween","24.01.22"
"Das Büro: Staffel 2: Feuer und Flamme","24.01.22"
"Das Büro: Staffel 2: Büroolympiade","24.01.22"
"Das Büro: Staffel 2: Mobbing","23.01.22"
"Das Büro: Staffel 2: Wer bekommt den Dundie?","23.01.22"
"Das Büro: Staffel 1: Sexy Katy","23.01.22"
"Das Büro: Staffel 1: Glück im Spiel","22.01.22"
"Das Büro: Staffel 1: Bündnisse","22.01.22"
"Das Büro: Staffel 1: Gesundheitsapostel","16.01.22"
"Das Büro: Staffel 1: Tag der Vielfalt","15.01.22"
"Das Büro: Staffel 1: Pilotfolge","15.01.22"
"The Witcher: Staffel 2: Familie","05.01.22"
"The Witcher: Staffel 2: Voleth Meir","05.01.22"
"Terminal","02.01.22"
"Phantastische Tierwesen: Grindelwalds Verbrechen","02.01.22"
"The Witcher: Staffel 2: Lieber Freund …","01.01.22"
"The Witcher: Staffel 2: Entscheidungen","30.12.21"
"The Witcher: Staffel 2: Redanische Spionage","29.12.21"
"The Witcher: Staffel 2: Was verloren ging","28.12.21"
"The Witcher: Staffel 2: Kaer Morhen","27.12.21"
"The Witcher: Nightmare of the Wolf","26.12.21"
"The Witcher: Staffel 2: Ein Körnchen Wahrheit","25.12.21"
"Outlander: Staffel 5: Niemals ohne dich","23.12.21"
"Outlander: Staffel 5: Reisen","23.12.21"
"Haus des Geldes: Teil 5: Eine Familientradition","14.12.21"
"Haus des Geldes: Teil 5: Bettgeflüster","14.12.21"
"Outlander: Staffel 5: Barmherzigkeit wird mir folgen","13.12.21"
"Haus des Geldes: Teil 5: Die Theorie der Eleganz","12.12.21"
"Locke & Key: Staffel 2: Cliffhanger","11.12.21"
"Locke & Key: Staffel 2: Alpha und Omega","11.12.21"
"Locke & Key: Staffel 2: Eisen im Feuer","11.12.21"
"Outlander: Staffel 5: Monster und Helden","06.12.21"
"Outlander: Staffel 5: Letzte Worte","06.12.21"
"Haus des Geldes: Teil 5: Wunschdenken","04.12.21"
"Haus des Geldes: Teil 5: Sicherheitsventil","04.12.21"
"The Witcher: Staffel 1: Viel mehr","02.12.21"
"The Witcher: Staffel 1: Vor dem Fall","30.11.21"
"Outlander: Staffel 5: Die Schlacht von Alamance","29.11.21"
"The Witcher: Staffel 1: Seltene Arten","28.11.21"
"The Witcher: Staffel 1: Aufgestaute Begehren","28.11.21"
"The Witcher: Staffel 1: Bankette, Bastarde und Begräbnisse","27.11.21"
"Outlander: Staffel 5: Das Testament","26.11.21"
"Outlander: Staffel 5: Ewige Anbetung","26.11.21"
"Locke & Key: Staffel 2: Beste ausgeheckte Pläne","25.11.21"
"Outlander: Staffel 5: Eine feine Gesellschaft","21.11.21"
"Outlander: Staffel 5: Der freie Wille","21.11.21"
"Outlander: Staffel 5: Zwischen zwei Fronten","18.11.21"
"Locke & Key: Staffel 2: Das Labyrinth","16.11.21"
"Locke & Key: Staffel 2: Vergangenheit ist Vorgeschichte","16.11.21"
"The Witcher: Staffel 1: Verrätermond","15.11.21"
"The Witcher: Staffel 1: Vier Mark","15.11.21"
"Outlander: Staffel 5: Das flammende Kreuz","12.11.21"
"Locke & Key: Staffel 2: Vergiss mein nicht","09.11.21"
"Locke & Key: Staffel 2: Kleine Welt","09.11.21"
"Locke & Key: Staffel 2: Der Kopf und das Herz","01.11.21"
"Locke & Key: Staffel 2: Die Premiere","01.11.21"
"Locke & Key: Staffel 1: Willkommen in Matheson","01.11.21"
"Biohackers: Staffel 2: Vergessen","24.10.21"
"Biohackers: Staffel 2: Partner","23.10.21"
"Biohackers: Staffel 2: Feinde","22.10.21"
"Biohackers: Staffel 2: Aufwachen","21.10.21"
"Biohackers: Staffel 1: Bestimmung","20.10.21"
"Life of Pi: Schiffbruch mit Tiger","19.10.21"
"Biohackers: Staffel 1: Verrat","19.10.21"
"Grand Budapest Hotel","16.10.21"
"Biohackers: Staffel 1: Gewissheit","16.10.21"
"Biohackers: Staffel 1: Verdacht","16.10.21"
"Biohackers: Staffel 1: Geheimnisse","15.10.21"
"Biohackers: Staffel 1: Ankunft","15.10.21"
"The Big Short","14.10.21"
"The King","09.10.21"
"Mein Lehrer, der Krake","08.10.21"
"Squid Game: Staffel 1: Rotes Licht, grünes Licht","08.10.21"
"Sex Education: Staffel 3: Folge 8","27.09.21"
"Sex Education: Staffel 3: Folge 7","27.09.21"
"Forrest Gump","25.09.21"
"Sex Education: Staffel 3: Folge 6","22.09.21"
"Sex Education: Staffel 3: Folge 5","20.09.21"
"Sex Education: Staffel 3: Folge 4","19.09.21"
"Sex Education: Staffel 3: Folge 3","19.09.21"
"Sex Education: Staffel 3: Folge 2","19.09.21"
"Sex Education: Staffel 3: Folge 1","18.09.21"
"The Wolf of Wall Street","11.09.21"
"Haus des Geldes: Teil 5: Du hast viele Leben vor dir","09.09.21"
"Haus des Geldes: Teil 5: Dein Platz im Himmel","09.09.21"
"Haus des Geldes: Teil 5: Ein neues Leben","09.09.21"
"Haus des Geldes: Teil 5: Glaubst du an die Wiedergeburt?","08.09.21"
"Haus des Geldes: Teil 5: Das Ende des Weges","08.09.21"
"Haus des Geldes: Teil 4: Der Paris-Plan","06.09.21"
"Shiny_Flakes: The Teenage Drug Lord","29.08.21"
"How to Sell Drugs Online (Fast): Staffel 3: Everybody gets a second chance","25.08.21"
"How to Sell Drugs Online (Fast): Staffel 3: To make amends, maybe be friends","23.08.21"
"How to Sell Drugs Online (Fast): Staffel 3: Before you turn the key, I have one more thing to say","22.08.21"
"How to Sell Drugs Online (Fast): Staffel 3: Does this condemn me, lock me away?","22.08.21"
"How to Sell Drugs Online (Fast): Staffel 3: A misdemeanor, a little trip","22.08.21"
"How to Sell Drugs Online (Fast): Staffel 3: A single failure, a little slip","17.08.21"
"Vampire Diaries: Staffel 1: Liebes Tagebuch","10.08.21"
"Outer Banks: Staffel 2: Das Lagerfeuer","04.08.21"
"Outer Banks: Staffel 2: Meine Druthers","04.08.21"
"Outer Banks: Staffel 2: Die dunkelste Stunde","04.08.21"
"Outer Banks: Staffel 2: Heimkehr","03.08.21"
"Outer Banks: Staffel 2: Gebete","01.08.21"
"Outer Banks: Staffel 2: Der Raub","31.07.21"
"Outer Banks: Staffel 2: Das Gold","31.07.21"
"Outer Banks: Staffel 1: Der Glückskompass","31.07.21"
"Interstellar","24.07.21"
"Narcos: Staffel 1: La Catedral","24.07.21"
"Narcos: Staffel 1: La Gran Mentira","24.07.21"
"Narcos: Staffel 1: Du wirst Blut weinen","20.07.21"
"Narcos: Staffel 1: Explosivos","18.07.21"
"Narcos: Staffel 1: Es gibt eine Zukunft für uns","17.07.21"
"Narcos: Staffel 1: Der Palast in Flammen","16.07.21"
"Narcos: Staffel 1: Die ewigen Oligarchen","15.07.21"
"Narcos: Staffel 1: Das Schwert von Simón Bolívar","15.07.21"
"Narcos: Staffel 1: Descenso","15.07.21"
"Vikings: Staffel 1: Initiationsriten","06.07.21"
"Lupin: Teil 2: Kapitel 10","26.06.21"
"South Park: South Park: Top-Folgen: Staffel 5: Scott Tenorman muss sterben!","14.06.21"
"Lupin: Teil 2: Kapitel 9","13.06.21"
"Lupin: Teil 2: Kapitel 8","13.06.21"
"Lupin: Teil 2: Kapitel 7","12.06.21"
"Lupin: Teil 2: Kapitel 6","12.06.21"
"Shadow and Bone – Legenden der Grisha: Staffel 1: Wir alle sind jemandes Monster","09.06.21"
"Shadow and Bone – Legenden der Grisha: Staffel 1: Das blendend helle Licht","09.06.21"
"Under the Shadow","16.05.21"
"Das Leben in Farbe mit David Attenborough: Miniserie: In Farbe sehen","25.04.21"
"The Crown: Staffel 1: Hyde Park Corner","17.04.21"
"The Crown: Staffel 1: Wolferton Splash","17.04.21"
"Lupin: Teil 1: Kapitel 5","09.04.21"
"Lupin: Teil 1: Kapitel 4","08.04.21"
"Lupin: Teil 1: Kapitel 3","07.04.21"
"Lupin: Teil 1: Kapitel 2","04.04.21"
"South Park: South Park: Top-Folgen: Staffel 3: Chinpokomon","04.04.21"
"Lupin: Teil 1: Kapitel 1","03.04.21"
"Anne with an E: Staffel 2: Unser Gedächtnis hat gerade so viele Launen wie unser Gemüt","31.03.21"
"Anne with an E: Staffel 2: Ich protestiere gegen jeden voreiligen Schluß","31.03.21"
"Anne with an E: Staffel 2: Jene entscheidenden Akte ihres Lebens","31.03.21"
"Anne with an E: Staffel 2: Der schmerzlich leidenschaftliche Ausdruck einer Hoffnung, der es an Nahrung fehlt","28.03.21"
"Anne with an E: Staffel 2: Das wahre Sehen geschieht doch mit dem geistigen Auge","28.03.21"
"Anne with an E: Staffel 2: Symptome sind kleine messbare Dinge, die Deutung aber ist unbegrenzt","28.03.21"
"The Dark Knight","28.03.21"
"Anne with an E: Staffel 2: Die Jugend ist eine Zeit der Hoffnung","28.03.21"
"Peaky Blinders – Gangs of Birmingham: Staffel 1: Die Hochzeit","25.03.21"
"Peaky Blinders – Gangs of Birmingham: Staffel 1: Auf der Rennbahn","21.03.21"
"Peaky Blinders – Gangs of Birmingham: Staffel 1: Waffenpoker","09.03.21"
"How to Get Away With Murder: Staffel 6: Die Rechnung kommt am Schluss","04.03.21"
"How to Get Away With Murder: Staffel 6: Die Spionin wird entdeckt","04.03.21"
"Batman Begins","02.03.21"
"Triple Frontier","27.02.21"
"The Book of Eli","26.02.21"
"Die Geheimnisse der Grabstätte von Sakkara","26.02.21"
"Willkommen bei den Hartmanns","26.02.21"
"Anne with an E: Staffel 1: Wo Sie sind, ist mein Heim","26.02.21"
"Anne with an E: Staffel 1: Gewissensqualen sind das Gift des Lebens","26.02.21"
"Anne with an E: Staffel 1: Fest mit einem gleichen Faden verknüpft","25.02.21"
"How to Get Away With Murder: Staffel 6: Vivian bekommt Antworten","25.02.21"
"Anne with an E: Staffel 1: Einen Schatz in meinem Innern","25.02.21"
"The Revenant – Der Rückkehrer","23.02.21"
"Anne with an E: Staffel 1: Aber was ist so eigensinnig wie die Jugend?","23.02.21"
"Anne with an E: Staffel 1: Ich bin kein Vogel, und kein Netz vermag mich zu fangen","22.02.21"
"Anne with an E: Staffel 1: Und Ihr Wille soll auch über Ihr Geschick entscheiden","21.02.21"
"How to Get Away With Murder: Staffel 6: Ich vergebe mir","20.02.21"
"How to Get Away With Murder: Staffel 5: Bitte sag mir, dass nicht noch jemand tot ist","20.02.21"
"Unser Planet: Ein Planet","20.02.21"
"Shutter Island","20.02.21"
"How to Get Away With Murder: Staffel 5: Mach mich zum Feind","19.02.21"
"How to Get Away With Murder: Staffel 5: Nicht nur Weihnachten steht vor der Tür","18.02.21"
"How to Get Away With Murder: Staffel 5: Wir wissen alles","18.02.21"
"Rick and Morty: Staffel 2: Ein alter Schwarm","18.02.21"
"Rick and Morty: Staffel 2: Fünf Tage bis Mortynacht","18.02.21"
"Rick and Morty: Staffel 2: Geteilte Zeit ist doppelte Zeit","17.02.21"
"How to Get Away With Murder: Staffel 5: Sei du der Märtyrer","17.02.21"
"How to Get Away With Murder: Staffel 5: Niemals die Wahrheit","17.02.21"
"Rick and Morty: Staffel 1: Die Monster-Party","16.02.21"
"Rick and Morty: Staffel 1: Ein Rick kommt selten allein","16.02.21"
"Rick and Morty: Staffel 1: Krise im Fluchhandel","16.02.21"
"Rick and Morty: Staffel 1: Der Fantastische Mr. Meeseeks","16.02.21"
"Rick and Morty: Staffel 1: M. Night Shaym-Aliens!","16.02.21"
"Rick and Morty: Staffel 1: Anatomie-Park","16.02.21"
"Bodyguard: Staffel 1: Folge 5","15.02.21"
"Bodyguard: Staffel 1: Folge 3","15.02.21"
"How to Sell Drugs Online (Fast): Staffel 2: Don't be evil.","11.02.21"
"How to Get Away With Murder: Staffel 5: Er hat dich und mich verraten","11.02.21"
"How to Get Away With Murder: Staffel 5: … bis zu dem Tag, an dem ich sterbe","11.02.21"
"Rick and Morty: Staffel 1: Was wäre wenn?","09.02.21"
"Bodyguard: Staffel 1: Folge 2","08.02.21"
"Rick and Morty: Staffel 1: Rick Potion No. 9","07.02.21"
"Bodyguard: Staffel 1: Folge 1","07.02.21"
"Terminator 2 – Tag der Abrechnung","29.01.21"
"Split","29.01.21"
"Greatest Showman","29.01.21"
"Das Damengambit: Miniserie: Eröffnung","28.01.21"
"Sherlock: Staffel 3: Der leere Sarg","25.01.21"
"Dark: Staffel 3: Das Paradies","24.01.21"
"Raumschiff Enterprise: Staffel 1: Der Fall Charlie","20.01.21"
"Raumschiff Enterprise: Staffel 1: Der Käfig","20.01.21"
"Jane Eyre","20.01.21"
"Dark: Staffel 3: Zwischen der Zeit","19.01.21"
"Dark: Staffel 3: Licht und Schatten","19.01.21"
"Die Entdeckung der Unendlichkeit","13.01.21"
"Dark: Staffel 3: Leben und Tod","10.01.21"
"Dark: Staffel 3: Der Ursprung","08.01.21"
"Dark: Staffel 3: Adam und Eva","07.01.21"
"Death to 2020","06.01.21"
"A Star Is Born","05.01.21"
"Dark: Staffel 3: Die Überlebenden","05.01.21"
"Dark: Staffel 3: Deja-vu","05.01.21"
"Prison Break: Staffel 5: Hinter den Augen","30.12.20"
"Prison Break: Staffel 5: Nachkommen","29.12.20"
"Prison Break: Staffel 5: Weindunkles Meer","29.12.20"
"Prison Break: Staffel 5: Phaecia","29.12.20"
"Prison Break: Staffel 5: Bauchgefühl","29.12.20"
"Prison Break: Staffel 5: Das Gefangenendilemma","29.12.20"
"Prison Break: Staffel 5: Der Lügner","29.12.20"
"Prison Break: Staffel 5: Kaniel Outis","29.12.20"
"Prison Break: Staffel 5: Ogygia","29.12.20"
"Wolfblood – Verwandlung bei Vollmond: Staffel 1: Der Neue","29.12.20"
"Das Damengambit: Miniserie: Endspiel","28.12.20"
"Das Damengambit: Miniserie: Hängepartie","27.12.20"
"Das Damengambit: Miniserie: Gabel","27.12.20"
"Das Damengambit: Miniserie: Mittelspiel","27.12.20"
"Das Damengambit: Miniserie: Doppelbauer","27.12.20"
"Peaky Blinders – Gangs of Birmingham: Staffel 1: Geschenk des Teufels","27.12.20"
"Dark: Staffel 2: Enden und Anfänge","22.12.20"
"Dark: Staffel 2: Der weiße Teufel","19.12.20"
"Dark: Staffel 2: Ein unendlicher Kreis","17.12.20"
"Dark: Staffel 2: Vom Suchen und Finden","15.12.20"
"Dark: Staffel 2: Die Reisenden","15.12.20"
"Dark: Staffel 2: Gespenster","12.12.20"
"Dark: Staffel 2: Dunkle Materie","12.12.20"
"Dark: Staffel 2: Anfänge und Enden","11.12.20"
"Dark: Staffel 1: Alpha und Omega","10.12.20"
"Dark: Staffel 1: Alles ist jetzt","10.12.20"
"Dark: Staffel 1: Was man sät, das wird man ernten","10.12.20"
"Dark: Staffel 1: Kreuzwege","09.12.20"
"Dark: Staffel 1: Sic mundus creatus est","08.12.20"
"Dark: Staffel 1: Wahrheiten","05.12.20"
"Dark: Staffel 1: Doppelleben","05.12.20"
"Dark: Staffel 1: Gestern und Heute","03.12.20"
"Code Geass: Lelouch of the Rebellion: Staffel 1: Folge 25","03.12.20"
"Dark: Staffel 1: Lügen","02.12.20"
"Dark: Staffel 1: Geheimnisse","02.12.20"
"If Anything Happens I Love You","29.11.20"
"Das Damengambit: Miniserie: Abtausch","13.11.20"
"Cambridge Analyticas großer Hack","06.11.20"
"Code Geass: Lelouch of the Rebellion: Staffel 1: Folge 24","01.11.20"
"Code Geass: Lelouch of the Rebellion: Staffel 1: Folge 23","01.11.20"
"The Ritual","31.10.20"
"Sinn und Sinnlichkeit","24.10.20"
"Borat: Kulturelle Lernung von Amerika um Benefiz für glorreiche Nation von Kasachstan zu machen","23.10.20"
"Code Geass: Lelouch of the Rebellion: Staffel 1: Folge 22","09.10.20"
"Code Geass: Lelouch of the Rebellion: Staffel 1: Folge 21","07.10.20"
"Code Geass: Lelouch of the Rebellion: Staffel 1: Folge 20","07.10.20"
"Code Geass: Lelouch of the Rebellion: Staffel 1: Folge 19","07.10.20"
"Code Geass: Lelouch of the Rebellion: Staffel 1: Folge 18","07.10.20"
"Code Geass: Lelouch of the Rebellion: Staffel 1: Folge 17","05.10.20"
"Code Geass: Lelouch of the Rebellion: Staffel 1: Folge 16","05.10.20"
"Code Geass: Lelouch of the Rebellion: Staffel 1: Folge 15","05.10.20"
"Code Geass: Lelouch of the Rebellion: Staffel 1: Folge 14","05.10.20"
"Code Geass: Lelouch of the Rebellion: Staffel 1: Folge 13","03.10.20"
"Code Geass: Lelouch of the Rebellion: Staffel 1: Folge 12","03.10.20"
"Code Geass: Lelouch of the Rebellion: Staffel 1: Folge 11","03.10.20"
"Code Geass: Lelouch of the Rebellion: Staffel 1: Folge 10","03.10.20"
"Code Geass: Lelouch of the Rebellion: Staffel 1: Folge 9","02.10.20"
"Code Geass: Lelouch of the Rebellion: Staffel 1: Folge 8","02.10.20"
"Code Geass: Lelouch of the Rebellion: Staffel 1: Folge 7","01.10.20"
"Code Geass: Lelouch of the Rebellion: Staffel 1: Folge 6","30.09.20"
"Code Geass: Lelouch of the Rebellion: Staffel 1: Folge 5","30.09.20"
"Code Geass: Lelouch of the Rebellion: Staffel 1: Folge 4","30.09.20"
"Code Geass: Lelouch of the Rebellion: Staffel 1: Folge 3","30.09.20"
"Code Geass: Lelouch of the Rebellion: Staffel 1: Folge 2","29.09.20"
"Code Geass: Lelouch of the Rebellion: Staffel 1: Folge 1","29.09.20"
"Peaky Blinders – Gangs of Birmingham: Staffel 5: Mr. Jones","27.09.20"
"Death Note: Eine neue Welt","19.09.20"
"Death Note: 28.01.","19.09.20"
"Death Note: Tötungsabsicht","17.09.20"
"Death Note: Hohngelächter","17.09.20"
"Death Note: Lauern","11.09.20"
"Death Note: Die Auswahl","10.09.20"
"Death Note: Vater","10.09.20"
"Death Note: Übertragung","10.09.20"
"Death Note: Gerechtigkeit","10.09.20"
"Death Note: Ungeduld","09.09.20"
"Death Note: Die Entführung","08.09.20"
"Death Note: Erneuerung","08.09.20"
"Death Note: Schweigen","08.09.20"
"Death Note: Das Comeback","08.09.20"
"Death Note: Tumult","08.09.20"
"Death Note: Hinführung","08.09.20"
"Death Note: Aktivitäten","07.09.20"
"Death Note: Das Provisorium","07.09.20"
"Death Note: Matsuda","07.09.20"
"Death Note: Kollegen","06.09.20"
"Death Note: Vollstreckung","06.09.20"
"Death Note: Das Urteil","06.09.20"
"Death Note: Freunde","06.09.20"
"Death Note: Das Geständnis","06.09.20"
"Death Note: Das Duell","06.09.20"
"Death Note: Liebe","05.09.20"
"Death Note: Offensive","05.09.20"
"Death Note: Der Verdacht","05.09.20"
"Death Note: Kontakt","05.09.20"
"Death Note: Blickwinkel","05.09.20"
"Death Note: Wolkenverhangen","01.09.20"
"Death Note: Das Detail","01.09.20"
"Death Note: Strategien","31.08.20"
"Death Note: Verfolgt","31.08.20"
"Death Note: Ein Geschäft","31.08.20"
"Death Note: Konfrontation","30.08.20"
"Peaky Blinders – Gangs of Birmingham: Staffel 5: Der Schock","24.08.20"
"Death Note: Wiedergeburt","21.08.20"
"Peaky Blinders – Gangs of Birmingham: Staffel 5: Die Schleife","20.08.20"
"How to Sell Drugs Online (Fast): Staffel 2: Move Fast and Break Things","17.08.20"
"How to Sell Drugs Online (Fast): Staffel 2: Buy It. Sell It. Love It.","17.08.20"
"The OA: Teil I: Kapitel 1: Rückkehr","09.08.20"
"Prison Break: Staffel 1: Der große Plan","06.08.20"
"Peaky Blinders – Gangs of Birmingham: Staffel 5: Strategie","04.08.20"
"Peaky Blinders – Gangs of Birmingham: Staffel 5: Schwarze Katzen","02.08.20"
"How to Sell Drugs Online (Fast): Staffel 2: Inspired by Real Life","02.08.20"
"How to Sell Drugs Online (Fast): Staffel 2: Where Do You Want to Go Today?","02.08.20"
"How to Sell Drugs Online (Fast): Staffel 2: Think Different","02.08.20"
"How to Sell Drugs Online (Fast): Staffel 1: Score Big or Don't Score at All","02.08.20"
"How to Sell Drugs Online (Fast): Staffel 1: If You Are the Smartest One in the Room, You're in the Wrong Room","02.08.20"
"How to Sell Drugs Online (Fast): Staffel 1: If This is Reality, I'm Not Interested","30.07.20"
"How to Sell Drugs Online (Fast): Staffel 1: Failure is Not an Option","30.07.20"
"How to Sell Drugs Online (Fast): Staffel 1: Life's Not Fair, Get Used to It","30.07.20"
"365 Days","20.07.20"
"Peaky Blinders – Gangs of Birmingham: Staffel 5: Schwarzer Dienstag","20.07.20"
"Peaky Blinders – Gangs of Birmingham: Staffel 4: Folge 6","17.07.20"
"Peaky Blinders – Gangs of Birmingham: Staffel 4: Folge 5","17.07.20"
"Peaky Blinders – Gangs of Birmingham: Staffel 4: Folge 4","16.07.20"
"Peaky Blinders – Gangs of Birmingham: Staffel 4: Folge 3","10.07.20"
"Peaky Blinders – Gangs of Birmingham: Staffel 4: Folge 2","10.07.20"
"Peaky Blinders – Gangs of Birmingham: Staffel 4: Folge 1","10.07.20"
"Peaky Blinders – Gangs of Birmingham: Staffel 3: Folge 6","02.07.20"
"Peaky Blinders – Gangs of Birmingham: Staffel 3: Folge 5","02.07.20"
"Peaky Blinders – Gangs of Birmingham: Staffel 3: Folge 4","01.07.20"
"Peaky Blinders – Gangs of Birmingham: Staffel 3: Folge 3","01.07.20"
"Peaky Blinders – Gangs of Birmingham: Staffel 3: Folge 2","30.06.20"
"Peaky Blinders – Gangs of Birmingham: Staffel 3: Folge 1","29.06.20"
"Peaky Blinders – Gangs of Birmingham: Staffel 2: Das Attentat","28.06.20"
"Peaky Blinders – Gangs of Birmingham: Staffel 2: Der Ort des Geschehens","28.06.20"
"Peaky Blinders – Gangs of Birmingham: Staffel 2: Ein riskanter Auftrag","28.06.20"
"Peaky Blinders – Gangs of Birmingham: Staffel 2: Der Anschlag","27.06.20"
"Peaky Blinders – Gangs of Birmingham: Staffel 2: Der verlorene Sohn","27.06.20"
"Peaky Blinders – Gangs of Birmingham: Staffel 2: Gefährliche Allianzen","26.06.20"
"Peaky Blinders – Gangs of Birmingham: Staffel 1: Showdown","25.06.20"
"Sherlock: Staffel 2: Der Reichenbachfall","25.06.20"
"Stranger Things: Stranger Things 3: Kapitel fünf: Die Armee","22.06.20"
"Sherlock: Staffel 2: Die Hunde von Baskerville","21.06.20"
"Sherlock: Staffel 2: Ein Skandal in Belgravia","15.06.20"
"Sherlock: Staffel 1: Das große Spiel","13.06.20"
"Sherlock: Staffel 1: Der blinde Banker","11.06.20"
"Sherlock: Staffel 1: Ein Fall von Pink","10.06.20"
"The Sinner: Staffel 2: Julian: Teil I","09.06.20"
"Die Schwester der Königin","03.06.20"
"Outer Banks: Staffel 1: Pilot","15.05.20"
"Outer Banks: Staffel 1: Phantom","15.05.20"
"Outer Banks: Staffel 1: Der Glockenturm","15.05.20"
"Outer Banks: Staffel 1: Die Startbahn","14.05.20"
"Outer Banks: Staffel 1: Flaute","12.05.20"
"Outer Banks: Staffel 1: Die verbotene Zone","12.05.20"
"Outer Banks: Staffel 1: Flurstück 9","10.05.20"
"Outer Banks: Staffel 1: Das Mittsommerfest","07.05.20"
"Outer Banks: Staffel 1: In geheimer Mission","07.05.20"
"Outlander: Staffel 4: Ein Mann der Ehre","01.05.20"
"Outlander: Staffel 4: Flucht","01.05.20"
"Outlander: Staffel 4: Spannungen","30.04.20"
"Outlander: Staffel 4: Getrennte Wege","30.04.20"
"Outlander: Staffel 4: Familie","26.04.20"
"Outlander: Staffel 4: Wilmington","25.04.20"
"Outlander: Staffel 4: Hartes Regiment","25.04.20"
"Outlander: Staffel 4: Blutsbande","23.04.20"
"Outlander: Staffel 4: Flüchtiges Glück","21.04.20"
"Outlander: Staffel 4: Geteiltes Land","21.04.20"
"Outlander: Staffel 4: Die falsche Braut","20.04.20"
"Outlander: Staffel 4: Versklavt","20.04.20"
"Outlander: Staffel 4: Die neue Welt","19.04.20"
"Outlander: Staffel 3: Im Auge des Sturms","18.04.20"
"Outlander: Staffel 3: Die Bakra","18.04.20"
"Outlander: Staffel 3: Die Zuflucht","17.04.20"
"Outlander: Staffel 3: Der Köder","17.04.20"
"Outlander: Staffel 3: Die Flaute","16.04.20"
"Riverdale: Staffel 4: Kapitel vierundsiebzig: „Wicked Little Town“","16.04.20"
"Outlander: Staffel 3: Die Forderung","15.04.20"
"Outlander: Staffel 3: Die Seherin","14.04.20"
"Outlander: Staffel 3: Die Rückkehr","13.04.20"
"Outlander: Staffel 3: Der Entschluss","12.04.20"
"Outlander: Staffel 3: Verlust","11.04.20"
"Outlander: Staffel 3: Ehrenschuld","11.04.20"
"Outlander: Staffel 3: Sechs Jahre","10.04.20"
"Outlander: Staffel 3: Nach der Schlacht","10.04.20"
"Outlander: Staffel 2: Die geliehene Zeit","09.04.20"
"Outlander: Staffel 2: Schmerz","08.04.20"
"Outlander: Staffel 2: Rache","07.04.20"
"Outlander: Staffel 2: Schlachtplan","06.04.20"
"Outlander: Staffel 2: Bereit zum Kampf","05.04.20"
"Haus des Geldes: Teil 4: Anschlag aufs Zelt","05.04.20"
"Haus des Geldes: Teil 4: Technischer K. o.","05.04.20"
"Haus des Geldes: Teil 4: 5 Minuten zuvor","05.04.20"
"Outlander: Staffel 2: Im Fuchsbau","04.04.20"
"Outlander: Staffel 2: Der Preis der Freiheit","04.04.20"
"Haus des Geldes: Teil 4: Paso Doble","04.04.20"
"Haus des Geldes: Teil 4: Lektion in Anatomie","04.04.20"
"Haus des Geldes: Teil 4: Berlins Hochzeit","03.04.20"
"Haus des Geldes: Teil 4: Game Over","03.04.20"
"Haus des Geldes: Teil 3: Verloren","03.04.20"
"Outlander: Staffel 2: Das Versprechen","03.04.20"
"Outlander: Staffel 2: Neues Bündnis, alte Feinde","01.04.20"
"Haus des Geldes: Teil 3: 48 Meter unter der Erde","01.04.20"
"Haus des Geldes: Teil 3: Aikido","01.04.20"
"Outlander: Staffel 2: La Dame Blanche","31.03.20"
"Outlander: Staffel 2: Täuschungen und Rätsel","31.03.20"
"Outlander: Staffel 2: Fern der Heimat Schottland","30.03.20"
"Outlander: Staffel 2: Reise ins Ungewisse","29.03.20"
"Outlander: Staffel 1: Erlösung","29.03.20"
"Haus des Geldes: Teil 3: Urlaub","29.03.20"
"Haus des Geldes: Teil 3: Alles schien unwichtig","29.03.20"
"Outlander: Staffel 1: Im Kerker","28.03.20"
"Outlander: Staffel 1: Die Suche","28.03.20"
"Haus des Geldes: Teil 3: Bumm, bumm, ciao!","27.03.20"
"Stranger Things: Stranger Things 3: Kapitel vier: Der Sauna-Test","27.03.20"
"Outlander: Staffel 1: Die Wacht","27.03.20"
"Haus des Geldes: Teil 3: Die Stunde des Delfins","27.03.20"
"Haus des Geldes: Teil 3: Wir sind zurück","27.03.20"
"Outlander: Staffel 1: Lallybroch","26.03.20"
"Outlander: Staffel 1: Hexenprozess","26.03.20"
"Outlander: Staffel 1: Tödliche Intrige","24.03.20"
"Outlander: Staffel 1: Die Abrechnung","24.03.20"
"Stranger Things: Stranger Things 3: Kapitel drei: Die verschwundene Rettungsschwimmerin","24.03.20"
"Outlander: Staffel 1: Im Steinkreis","23.03.20"
"Outlander: Staffel 1: Die Hochzeit","22.03.20"
"Outlander: Staffel 1: Black Jack","22.03.20"
"Outlander: Staffel 1: Tribut","21.03.20"
"Outlander: Staffel 1: Die Jagd","21.03.20"
"Outlander: Staffel 1: Der Weg zurück","21.03.20"
"Outlander: Staffel 1: Burg Leoch","20.03.20"
"Stranger Things: Stranger Things 3: Kapitel zwei: Ratten","20.03.20"
"Stranger Things: Stranger Things 3: Kapitel eins: Suzie, hörst du mich?","19.03.20"
"Stranger Things: Stranger Things 2: Kapitel neun: Das Tor","11.03.20"
"Stranger Things: Stranger Things 2: Kapitel acht: Der Gedankenschinder","10.03.20"
"Stranger Things: Stranger Things 2: Kapitel sieben: Die verlorene Schwester","08.03.20"
"Stranger Things: Stranger Things 2: Kapitel sechs: Der Spion","08.03.20"
"Stranger Things: Stranger Things 2: Kapitel fünf: Dig Dug","08.03.20"
"Stranger Things: Stranger Things 2: Kapitel vier: Will, der Weise","08.03.20"
"Stranger Things: Stranger Things 2: Kapitel drei: Die Kaulquappe","08.03.20"
"Stranger Things: Stranger Things 2: Kapitel zwei: Süßes oder Saures, Freak","07.03.20"
"Stranger Things: Stranger Things 2: Kapitel eins: MAD MAX","07.03.20"
"Stranger Things: Kapitel acht: Die andere Seite","07.03.20"
"Stranger Things: Kapitel sieben: Die Badewanne","07.03.20"
"Stranger Things: Kapitel sechs: Das Monster","07.03.20"
"Stranger Things: Kapitel fünf: Der Floh und der Akrobat","07.03.20"
"Stranger Things: Kapitel vier: Die Leiche","07.03.20"
"Stranger Things: Kapitel drei: Grausame Nacht","07.03.20"
"Stranger Things: Kapitel zwei: Die Verrückte auf der Maple Street","07.03.20"
"Stranger Things: Kapitel eins: Das Verschwinden des Will Byers","06.03.20"
"Bodyguard: Staffel 1: Folge 6","24.02.20"
"Sex Education: Staffel 2: Folge 8","13.02.20"
"Sex Education: Staffel 2: Folge 7","13.02.20"
"Sex Education: Staffel 2: Folge 6","11.02.20"
